walking on air,Country
lover you shld have ...,Country
American kids,Country
Big Iron,Country
Broken Halos ,Country
Cowboy take me away,Country
Southern Night,Country
Talkin tennessee ,Country
the dance ,Country
Traveling Soldier,Country
good time ,Country
Oklahoma Smokeshow ,Country
somthing in the orange ,Country
spin you around ,Country
starting over ,Country
Trinity River ,Country
Gorgeous ,Hip-Hop
love ,Hip-Hop
Needed me,Hip-Hop
one of wun ,Hip-Hop
ride wit me ,Hip-Hop
The Hills ,Hip-Hop
fein ,Hip-Hop
lose yourself ,Hip-Hop
never recover ,Hip-Hop
rich baby daddy ,Hip-Hop
sicko mode ,Hip-Hop
rerentless ,Hip-Hop
Good Life,Hip-Hop
Good Morning,Hip-Hop
Small Worlds ,Hip-Hop
The Spins,Hip-Hop
The Thrill,Hip-Hop
broken clocks,Hip-Hop
Ivy,Hip-Hop
Pink + White ,Hip-Hop
White Ferrari,Hip-Hop
Waste my time,Hip-Hop
After the storm,Hip-Hop
no idea ,Hip-Hop
private landing ,Hip-Hop
the morning,Hip-Hop
sorrows ,Hip-Hop
hold on til may,Indie
Stubborn love ,Indie
Low Rider,Indie
the first taste,Indie
jonny,Indie
home ,Indie
take me to church,Indie
too sweet ,Indie
Flowers in your hair,Indie
Roslyn,Indie
the last time,Indie
exile,Indie
its called freefall,Indie
linger,Indie
Dreams,Indie
Portal Radio theme,Indie
Could You Be Loved ,Indie
Jamming ,Indie
Amber,Indie
2am ,Indie
Budapest ,Pop
sad ,Pop
saturn ,Pop
lana del rey,Pop
SKINNY,Pop
Breaking up slowly,Pop
all the stars ,Pop
Bad Piggery Theme,Pop
Can't Feel My Face,Pop
Donâ€™t ,Pop
good days ,Pop
if I aint got you,Pop
london boy,Pop
No Fear ,Pop
prom,Pop
slow it down ,Pop
snooze,Pop
"So long London",Pop
Take Back the Night,Pop
You Belong With Me,Pop
habits ,Pop
Many Men,Rap
Downtown ,Rap
Armies,Rap
Bandit,Rap
Big Pimpin,Rap
IZZO,Rap
Love yourz clean ,Rap
Nightcrawler,Rap
Orange soda,Rap
Overseas,Rap
Saint Pablo,Rap
She,Rap
Teenage fever ,Rap
WAIT 4 YOU,Rap
Fighting my demons ,Rap
Stargazing,Rap
still dre (censored),Rap
Sabotage,Rap
tumblr girls,Rap
Are You Bored Yet,Rock
Brazil,Rock
enter sandman,Rock
angle of death ,Rock
beauty school ,Rock
Unchained Melody ,Rock
lithium ,Rock
3 libras,Rock
to forgive ,Rock
Brain stew,Rock
Can't Stop ,Rock
Drive,Rock
Everlong,Rock
Fortnite's Kinda Dying,Rock
Free Bird,Rock
Mr bright side ,Rock
One Last Breathe,Rock
Rooster,Rock
Thunderstruck ,Rock
Santeria,Rock
