AMG,Alternative
at night ,Alternative
Banjo Kazooie Freezeezy Peak Theme - Metal Cover,Alternative
Bittersuite ,Alternative
Chaise longue,Alternative
cleopatra,Alternative
couldâ€™ve been me,Alternative
discombobulated,Alternative
"E1M1 - At Dooms Gate (from ""Doom"")",Alternative
flex ,Alternative
freestyle 3 ,Alternative
how it is ,Alternative
Jennifers body ,Alternative
Kalashnikov,Alternative
La Durango ,Alternative
manta rays,Alternative
overseas ,Alternative
pearls,Alternative
push ups ,Alternative
que onda ,Alternative
Salvatore,Alternative
sleeping in the cold below,Alternative
The Moon - 8-bit version,Alternative
The uranium suite,Alternative
yale ,Alternative
ceilings ,Country
Dirt road anthem ,Country
Drinkin' Alone,Country
grave digger,Country
scared of my guitar,Country
Somewhere with you,Country
were not alike ,Country
Could you be loved ,Dance
Don't Let the Man Get You Down,Dance
Dummy!,Dance
Exodus,Dance
Jamming,Dance
Let Me Love You,Dance
Natural Mystic,Dance
Spin Eternally,Dance
4EVER,Indie
Duvet,Indie
linger,Indie
Moon River,Indie
"new person,same old mistakes",Indie
reflections ,Indie
steeeam,Indie
the night we met,Indie
welcome and goodbye,Indie
Youth,Indie
"(I Got Spurs That) Jingle, Jangle, Jingle",Pop
All Of Me ,Pop
black beauty,Pop
Boy's a Liar,Pop
Bright,Pop
Clean,Pop
Come And Get Your Love,Pop
Count on Me,Pop
Cruel Summer ,Pop
Dear reader,Pop
Evacuate the Dancefloor,Pop
Favorite girl,Pop
Fortnight,Pop
It Can't Be Over,Pop
ive got a dream ,Pop
ivy,Pop
karma,Pop
Land of 1000 Dances,Pop
Let It Grow (from the Lorax),Pop
loving machine,Pop
moonlight,Pop
one more last time,Pop
pink +.white,Pop
Runaround Sue,Pop
saturn ,Pop
Search Inside,Pop
second best,Pop
Shake Your Tail,Pop
telepatia,Pop
The smallest man who ever lived,Pop
These Words,Pop
Umbrella,Pop
Under Our Spell,Pop
Until I found you,Pop
Unwritten,Pop
we cant be friends ,Pop
west coast,Pop
Who's afraid of little old me?,Pop
All Star,Rock
Bat out of hell,Rock
Blue Moon,Rock
Brazil,Rock
Enter Sandman,Rock
Eruption (2015 Remaster),Rock
Halls of Valhalla,Rock
Jigsaw Falling into place,Rock
light,Rock
Lux AEterna,Rock
master of puppets,Rock
Paddiling Out,Rock
pretend,Rock
Psyco In My Head,Rock
Roundabout,Rock
Sell Out,Rock
Something About You,Rock
stairway to heaven,Rock
That Was Just Your Life,Rock
The End Of The Line,Rock
You are my sunshine ,Rock
