simple,Country
big green tractor ,Country
blame it on you,Country
head over boots,Country
play it again,Country
fast cars,Country
Last Night,Country
snap back ,Country
East side of sorrow,Country
I remember everything,Country
5 foot 9 ,Country
revival ,Country
pick me up ,Country
Luminary,Excentric
Slippy,Excentric
Wild boar inn,Excentric
Pirate Jig ,Excentric
Black knight Inn,Excentric
Tavern of Prancing pony ,Excentric
Wouldn't You Like ,Excentric
We Love the Prince ,Excentric
Bad Habits ,Pop
Phone numbers,Pop
The gold,Pop
Everywhere everything ,Pop
stick season,Pop
Hate to be lame,Pop
Thus Always To Tyrants ,Pop
Ghost Town,Pop
WONDERLAND,Pop
Shameless ,Pop
Hope,Pop
Better Place ,Pop
billie jean,Pop
Do It LIke A Girl ,Pop
Whatâ€™s my name?,Pop
HAPPY,Pop
Bottoms Up,R&B
RUNRUNRUN,R&B
Never Knew I Needed,R&B
Instagram,R&B
Novacane ,R&B
Shirt ,R&B
Ain't No Sunshine Bill Withers ,R&B
Stay high ,R&B
La romana ,R&B
Una noche en medellin ,R&B
la bebe -remix ,R&B
gently ,Rap
Famous ,Rap
Lip Gloss,Rap
red roses,Rap
Burn,Rap
All Eyez On Me,Rap
hit em up,Rap
undercover,Rap
Bandit ,Rap
Solo,Rap
Dark Fantasy,Rap
Diamonds from sierra leone,Rap
Flashing Lights,Rap
Runaway,Rap
A Cold Sunday,Rap
First Show,Rap
Ready to Die,Rap
from the d to the a ,Rap
NightCrawler ,Rap
Murder on my mind ,Rap
Moves,Rap
this dj ,Rap
family ties ,Rap
corlinks and jpay ,Rap
Str8 Bars ,Rap
on me ,Rap
Pure cocaine,Rap
shistey summer ,Rap
cruise ,Rap
crystal clear ,Rap
addict ,Rap
Porches in the rain,Rap
Mr. Brightside,Rock
Vampire Empire,Rock
Angel of Small Death and Codeine Scene ,Rock
Crying Lightning ,Rock
Fire,Rock
Vienna ,Rock
It's A Sin,Rock
Per Aspera Ad Inferi,Rock
Ritual,Rock
Spillways,Rock
stairway to heaven,Rock
rock star,Rock
smells like teen spirit,Rock
Even Flow,Rock
Go with the Flow,Rock
london calling,Rock
Atomic city ,Rock
God of war Ragnarok ,Rock
